{"directed": false, "multigraph": false, "graph": {}, "nodes": [{"origin": "Wuhan", "id": "MN908947.3"}, {"origin": "Tuebingen", "id": "Germany/ncct-2005-cov-001_S1"}, {"origin": "Tuebingen", "id": "Germany/ncct-2005-cov-002_S2"}, {"origin": "Tuebingen", "id": "Germany/ncct-2005-cov-003_S3"}, {"origin": "Tuebingen", "id": "Germany/ncct-2005-cov-004_S4"}, {"origin": "Tuebingen", "id": "Germany/ncct-2005-cov-005_S5"}, {"origin": "Heinsberg", "id": "Germany/NRW-01/2020"}, {"origin": "Duesseldorf", "id": "Germany/NRW-11/2020"}, {"origin": "Heinsberg", "id": "Germany/NRW-02-1/2020"}, {"origin": "Heinsberg", "id": "Germany/NRW-03/2020"}, {"origin": "Heinsberg", "id": "Germany/NRW-04/2020"}, {"origin": "Heinsberg", "id": "Germany/NRW-05/2020"}, {"origin": "Heinsberg", "id": "Germany/NRW-06/2020"}, {"origin": "Heinsberg", "id": "Germany/NRW-07/2020"}, {"origin": "Heinsberg", "id": "Germany/NRW-08/2020"}, {"origin": "Heinsberg", "id": "Germany/NRW-09/2020"}, {"origin": "Heinsberg", "id": "Germany/NRW-10/2020"}, {"origin": "Duesseldorf", "id": "Germany/NRW-12/2020"}, {"origin": "Duesseldorf", "id": "Germany/NRW-13/2020"}, {"origin": "Duesseldorf", "id": "Germany/NRW-14/2020"}, {"origin": "Duesseldorf", "id": "Germany/NRW-15/2020"}, {"origin": "Duesseldorf", "id": "Germany/NRW-16/2020"}, {"origin": "Duesseldorf", "id": "Germany/NRW-17/2020"}, {"origin": "Duesseldorf", "id": "Germany/NRW-18/2020"}, {"origin": "Duesseldorf", "id": "Germany/NRW-19/2020"}, {"origin": "Duesseldorf", "id": "Germany/NRW-20/2020"}, {"origin": "Duesseldorf", "id": "Germany/NRW-21/2020"}, {"origin": "Duesseldorf", "id": "Germany/NRW-22/2020"}, {"origin": "Duesseldorf", "id": "Germany/NRW-23/2020"}, {"origin": "Duesseldorf", "id": "Germany/NRW-24/2020"}, {"origin": "Duesseldorf", "id": "Germany/NRW-25/2020"}, {"origin": "Duesseldorf", "id": "Germany/NRW-26/2020"}, {"origin": "Duesseldorf", "id": "Germany/NRW-27/2020"}, {"origin": "Duesseldorf", "id": "Germany/NRW-28/2020"}, {"origin": "Duesseldorf", "id": "Germany/NRW-29/2020"}, {"origin": "Duesseldorf", "id": "Germany/NRW-30/2020"}, {"origin": "Duesseldorf", "id": "Germany/NRW-31/2020"}, {"origin": "Duesseldorf", "id": "Germany/NRW-32/2020"}, {"origin": "Duesseldorf", "id": "Germany/NRW-33/2020"}, {"origin": "Duesseldorf", "id": "Germany/NRW-34/2020"}, {"origin": "Duesseldorf", "id": "Germany/NRW-35/2020"}, {"origin": "Duesseldorf", "id": "Germany/NRW-36/2020"}, {"origin": "Duesseldorf", "id": "Germany/NRW-37/2020"}, {"origin": "Duesseldorf", "id": "Germany/NRW-38/2020"}, {"origin": "Duesseldorf", "id": "Germany/NRW-39/2020"}, {"origin": "Duesseldorf", "id": "Germany/NRW-40/2020"}, {"origin": "Duesseldorf", "id": "Germany/NRW-41/2020"}, {"origin": "Duesseldorf", "id": "Germany/NRW-42-2/2020"}, {"origin": "Duesseldorf", "id": "Germany/NRW-42-3/2020"}, {"origin": "Duesseldorf", "id": "Germany/NRW-42/2020"}, {"origin": "Duesseldorf", "id": "Germany/NRW-43/2020"}, {"origin": "Duesseldorf", "id": "Germany/NRW-44/2020"}, {"origin": "Duesseldorf", "id": "Germany/NRW-45/2020"}, {"origin": "Duesseldorf", "id": "Germany/NRW-46/2020"}, {"origin": "Duesseldorf", "id": "Germany/NRW-47/2020"}, {"origin": "Duesseldorf", "id": "Germany/NRW-48/2020"}, {"origin": "Duesseldorf", "id": "Germany/NRW-49/2020"}, {"origin": "Duesseldorf", "id": "Germany/NRW-50/2020"}, {"origin": "Duesseldorf", "id": "Germany/NRW-51/2020"}, {"origin": "Duesseldorf", "id": "Germany/NRW-52/2020"}, {"origin": "Duesseldorf", "id": "Germany/NRW-53/2020"}, {"origin": "Duesseldorf", "id": "Germany/NRW-54/2020"}, {"origin": "Duesseldorf", "id": "Germany/NRW-55/2020"}, {"origin": "Bonn", "id": "Covid_20200708_0859_MN23004_FAO01199_20723bff_barcode01"}, {"origin": "Bonn", "id": "Covid_20200708_0859_MN23004_FAO01199_20723bff_barcode02"}, {"origin": "Bonn", "id": "Covid_20200708_0859_MN23004_FAO01199_20723bff_barcode03"}, {"origin": "Bonn", "id": "Covid_20200708_0859_MN23004_FAO01199_20723bff_barcode04"}, {"origin": "Bonn", "id": "Covid_20200708_0859_MN23004_FAO01199_20723bff_barcode05"}, {"origin": "Bonn", "id": "Covid_20200708_0859_MN23004_FAO01199_20723bff_barcode06"}, {"origin": "Bonn", "id": "Covid_20200708_0859_MN23004_FAO01199_20723bff_barcode07"}, {"origin": "Bonn", "id": "Covid_20200708_0859_MN23004_FAO01199_20723bff_barcode08"}, {"origin": "Bonn", "id": "Covid_20200708_0859_MN23004_FAO01199_20723bff_barcode09"}, {"origin": "Bonn", "id": "Covid_20200708_0859_MN23004_FAO01199_20723bff_barcode10"}, {"origin": "Bonn", "id": "Covid_20200708_0859_MN23004_FAO01199_20723bff_barcode11"}, {"origin": "Bonn", "id": "Covid_20200708_0859_MN23004_FAO01199_20723bff_barcode12"}, {"origin": "Bonn", "id": "Covid_20200708_0859_MN23004_FAO01199_20723bff_barcode13"}, {"origin": "Bonn", "id": "Covid_20200708_0859_MN23004_FAO01199_20723bff_barcode14"}, {"origin": "Bonn", "id": "Covid_20200708_0859_MN23004_FAO01199_20723bff_barcode15"}, {"origin": "Bonn", "id": "Covid_20200708_0859_MN23004_FAO01199_20723bff_barcode16"}, {"origin": "Bonn", "id": "Covid_20200708_0859_MN23004_FAO01199_20723bff_barcode17"}, {"origin": "Bonn", "id": "Covid_20200708_0859_MN23004_FAO01199_20723bff_barcode18"}, {"origin": "Bonn", "id": "Covid_20200708_0859_MN23004_FAO01199_20723bff_barcode19"}, {"origin": "Bonn", "id": "Covid_20200708_0859_MN23004_FAO01199_20723bff_barcode20"}, {"origin": "Bonn", "id": "Covid_20200708_0859_MN23004_FAO01199_20723bff_barcode21"}, {"origin": "Bonn", "id": "Covid_20200708_0859_MN23004_FAO01199_20723bff_barcode22"}, {"origin": "Bonn", "id": "Covid_20200708_0859_MN23004_FAO01199_20723bff_barcode23"}, {"origin": "Bonn", "id": "Covid_20200708_0859_MN23004_FAO01199_20723bff_barcode24"}], "links": [{"weight": 5, "dist": 0.1, "source": "MN908947.3", "target": "Germany/ncct-2005-cov-005_S5"}, {"weight": 0.5, "dist": 1, "source": "MN908947.3", "target": "Germany/ncct-2005-cov-003_S3"}, {"weight": 0.5, "dist": 1, "source": "MN908947.3", "target": "Germany/ncct-2005-cov-004_S4"}, {"weight": 0.3333333333333333, "dist": 2, "source": "MN908947.3", "target": "Germany/NRW-02-1/2020"}, {"weight": 0.25, "dist": 3, "source": "MN908947.3", "target": "Germany/NRW-54/2020"}, {"weight": 0.14285714285714285, "dist": 6, "source": "MN908947.3", "target": "Germany/NRW-46/2020"}, {"weight": 0.125, "dist": 7, "source": "MN908947.3", "target": "Germany/NRW-39/2020"}, {"weight": 0.1, "dist": 9, "source": "MN908947.3", "target": "Germany/NRW-15/2020"}, {"weight": 0.07142857142857142, "dist": 13, "source": "MN908947.3", "target": "Germany/NRW-31/2020"}, {"weight": 0.25, "dist": 3, "source": "Germany/ncct-2005-cov-001_S1", "target": "Germany/NRW-19/2020"}, {"weight": 0.16666666666666666, "dist": 5, "source": "Germany/ncct-2005-cov-002_S2", "target": "Germany/ncct-2005-cov-003_S3"}, {"weight": 0.25, "dist": 3, "source": "Germany/ncct-2005-cov-004_S4", "target": "Germany/NRW-51/2020"}, {"weight": 5, "dist": 0.1, "source": "Germany/NRW-01/2020", "target": "Germany/NRW-08/2020"}, {"weight": 5, "dist": 0.1, "source": "Germany/NRW-01/2020", "target": "Covid_20200708_0859_MN23004_FAO01199_20723bff_barcode07"}, {"weight": 0.25, "dist": 3, "source": "Germany/NRW-01/2020", "target": "Germany/NRW-04/2020"}, {"weight": 0.16666666666666666, "dist": 5, "source": "Germany/NRW-01/2020", "target": "Covid_20200708_0859_MN23004_FAO01199_20723bff_barcode02"}, {"weight": 0.5, "dist": 1, "source": "Germany/NRW-11/2020", "target": "Germany/NRW-19/2020"}, {"weight": 5, "dist": 0.1, "source": "Germany/NRW-02-1/2020", "target": "Germany/NRW-03/2020"}, {"weight": 5, "dist": 0.1, "source": "Germany/NRW-02-1/2020", "target": "Germany/NRW-05/2020"}, {"weight": 5, "dist": 0.1, "source": "Germany/NRW-02-1/2020", "target": "Germany/NRW-06/2020"}, {"weight": 5, "dist": 0.1, "source": "Germany/NRW-02-1/2020", "target": "Germany/NRW-14/2020"}, {"weight": 5, "dist": 0.1, "source": "Germany/NRW-02-1/2020", "target": "Germany/NRW-16/2020"}, {"weight": 5, "dist": 0.1, "source": "Germany/NRW-02-1/2020", "target": "Germany/NRW-17/2020"}, {"weight": 5, "dist": 0.1, "source": "Germany/NRW-02-1/2020", "target": "Covid_20200708_0859_MN23004_FAO01199_20723bff_barcode01"}, {"weight": 5, "dist": 0.1, "source": "Germany/NRW-02-1/2020", "target": "Covid_20200708_0859_MN23004_FAO01199_20723bff_barcode06"}, {"weight": 5, "dist": 0.1, "source": "Germany/NRW-02-1/2020", "target": "Covid_20200708_0859_MN23004_FAO01199_20723bff_barcode14"}, {"weight": 5, "dist": 0.1, "source": "Germany/NRW-02-1/2020", "target": "Covid_20200708_0859_MN23004_FAO01199_20723bff_barcode16"}, {"weight": 0.5, "dist": 1, "source": "Germany/NRW-02-1/2020", "target": "Germany/NRW-09/2020"}, {"weight": 0.5, "dist": 1, "source": "Germany/NRW-02-1/2020", "target": "Germany/NRW-10/2020"}, {"weight": 0.5, "dist": 1, "source": "Germany/NRW-02-1/2020", "target": "Covid_20200708_0859_MN23004_FAO01199_20723bff_barcode09"}, {"weight": 0.5, "dist": 1, "source": "Germany/NRW-02-1/2020", "target": "Covid_20200708_0859_MN23004_FAO01199_20723bff_barcode10"}, {"weight": 0.5, "dist": 1, "source": "Germany/NRW-02-1/2020", "target": "Covid_20200708_0859_MN23004_FAO01199_20723bff_barcode13"}, {"weight": 0.5, "dist": 1, "source": "Germany/NRW-02-1/2020", "target": "Covid_20200708_0859_MN23004_FAO01199_20723bff_barcode24"}, {"weight": 0.3333333333333333, "dist": 2, "source": "Germany/NRW-02-1/2020", "target": "Germany/NRW-04/2020"}, {"weight": 0.3333333333333333, "dist": 2, "source": "Germany/NRW-02-1/2020", "target": "Covid_20200708_0859_MN23004_FAO01199_20723bff_barcode05"}, {"weight": 0.3333333333333333, "dist": 2, "source": "Germany/NRW-02-1/2020", "target": "Covid_20200708_0859_MN23004_FAO01199_20723bff_barcode08"}, {"weight": 0.3333333333333333, "dist": 2, "source": "Germany/NRW-02-1/2020", "target": "Covid_20200708_0859_MN23004_FAO01199_20723bff_barcode11"}, {"weight": 0.3333333333333333, "dist": 2, "source": "Germany/NRW-02-1/2020", "target": "Covid_20200708_0859_MN23004_FAO01199_20723bff_barcode21"}, {"weight": 0.25, "dist": 3, "source": "Germany/NRW-02-1/2020", "target": "Covid_20200708_0859_MN23004_FAO01199_20723bff_barcode03"}, {"weight": 0.25, "dist": 3, "source": "Germany/NRW-02-1/2020", "target": "Covid_20200708_0859_MN23004_FAO01199_20723bff_barcode04"}, {"weight": 0.25, "dist": 3, "source": "Germany/NRW-02-1/2020", "target": "Covid_20200708_0859_MN23004_FAO01199_20723bff_barcode12"}, {"weight": 0.25, "dist": 3, "source": "Germany/NRW-02-1/2020", "target": "Covid_20200708_0859_MN23004_FAO01199_20723bff_barcode15"}, {"weight": 0.3333333333333333, "dist": 2, "source": "Germany/NRW-04/2020", "target": "Germany/NRW-07/2020"}, {"weight": 5, "dist": 0.1, "source": "Germany/NRW-12/2020", "target": "Germany/NRW-18/2020"}, {"weight": 5, "dist": 0.1, "source": "Germany/NRW-12/2020", "target": "Germany/NRW-20/2020"}, {"weight": 5, "dist": 0.1, "source": "Germany/NRW-12/2020", "target": "Germany/NRW-21/2020"}, {"weight": 5, "dist": 0.1, "source": "Germany/NRW-12/2020", "target": "Germany/NRW-22/2020"}, {"weight": 5, "dist": 0.1, "source": "Germany/NRW-12/2020", "target": "Germany/NRW-23/2020"}, {"weight": 5, "dist": 0.1, "source": "Germany/NRW-12/2020", "target": "Germany/NRW-24/2020"}, {"weight": 5, "dist": 0.1, "source": "Germany/NRW-12/2020", "target": "Germany/NRW-26/2020"}, {"weight": 5, "dist": 0.1, "source": "Germany/NRW-12/2020", "target": "Germany/NRW-28/2020"}, {"weight": 5, "dist": 0.1, "source": "Germany/NRW-12/2020", "target": "Germany/NRW-37/2020"}, {"weight": 5, "dist": 0.1, "source": "Germany/NRW-12/2020", "target": "Germany/NRW-40/2020"}, {"weight": 5, "dist": 0.1, "source": "Germany/NRW-12/2020", "target": "Germany/NRW-42-2/2020"}, {"weight": 5, "dist": 0.1, "source": "Germany/NRW-12/2020", "target": "Germany/NRW-42-3/2020"}, {"weight": 5, "dist": 0.1, "source": "Germany/NRW-12/2020", "target": "Germany/NRW-42/2020"}, {"weight": 5, "dist": 0.1, "source": "Germany/NRW-12/2020", "target": "Germany/NRW-53/2020"}, {"weight": 5, "dist": 0.1, "source": "Germany/NRW-12/2020", "target": "Covid_20200708_0859_MN23004_FAO01199_20723bff_barcode19"}, {"weight": 0.5, "dist": 1, "source": "Germany/NRW-12/2020", "target": "Germany/NRW-29/2020"}, {"weight": 0.5, "dist": 1, "source": "Germany/NRW-12/2020", "target": "Germany/NRW-32/2020"}, {"weight": 0.5, "dist": 1, "source": "Germany/NRW-12/2020", "target": "Germany/NRW-49/2020"}, {"weight": 0.3333333333333333, "dist": 2, "source": "Germany/NRW-12/2020", "target": "Germany/NRW-43/2020"}, {"weight": 0.3333333333333333, "dist": 2, "source": "Germany/NRW-12/2020", "target": "Germany/NRW-51/2020"}, {"weight": 0.25, "dist": 3, "source": "Germany/NRW-12/2020", "target": "Germany/NRW-47/2020"}, {"weight": 0.2, "dist": 4, "source": "Germany/NRW-12/2020", "target": "Germany/NRW-27/2020"}, {"weight": 0.5, "dist": 1, "source": "Germany/NRW-13/2020", "target": "Germany/NRW-19/2020"}, {"weight": 5, "dist": 0.1, "source": "Germany/NRW-19/2020", "target": "Germany/NRW-41/2020"}, {"weight": 0.3333333333333333, "dist": 2, "source": "Germany/NRW-19/2020", "target": "Germany/NRW-45/2020"}, {"weight": 0.25, "dist": 3, "source": "Germany/NRW-19/2020", "target": "Germany/NRW-51/2020"}, {"weight": 0.3333333333333333, "dist": 2, "source": "Germany/NRW-25/2020", "target": "Germany/NRW-28/2020"}, {"weight": 5, "dist": 0.1, "source": "Germany/NRW-28/2020", "target": "Germany/NRW-38/2020"}, {"weight": 5, "dist": 0.1, "source": "Germany/NRW-28/2020", "target": "Germany/NRW-52/2020"}, {"weight": 0.5, "dist": 1, "source": "Germany/NRW-30/2020", "target": "Germany/NRW-51/2020"}, {"weight": 0.5, "dist": 1, "source": "Germany/NRW-33/2020", "target": "Germany/NRW-34/2020"}, {"weight": 5, "dist": 0.1, "source": "Germany/NRW-34/2020", "target": "Germany/NRW-36/2020"}, {"weight": 0.25, "dist": 3, "source": "Germany/NRW-34/2020", "target": "Germany/NRW-51/2020"}, {"weight": 0.14285714285714285, "dist": 6, "source": "Germany/NRW-35/2020", "target": "Germany/NRW-54/2020"}, {"weight": 0.3333333333333333, "dist": 2, "source": "Germany/NRW-44/2020", "target": "Germany/NRW-51/2020"}, {"weight": 0.2, "dist": 4, "source": "Germany/NRW-48/2020", "target": "Germany/NRW-51/2020"}, {"weight": 0.25, "dist": 3, "source": "Germany/NRW-50/2020", "target": "Covid_20200708_0859_MN23004_FAO01199_20723bff_barcode10"}, {"weight": 5, "dist": 0.1, "source": "Germany/NRW-51/2020", "target": "Covid_20200708_0859_MN23004_FAO01199_20723bff_barcode23"}, {"weight": 0.5, "dist": 1, "source": "Germany/NRW-51/2020", "target": "Covid_20200708_0859_MN23004_FAO01199_20723bff_barcode22"}, {"weight": 0.2, "dist": 4, "source": "Germany/NRW-51/2020", "target": "Germany/NRW-55/2020"}, {"weight": 5, "dist": 0.1, "source": "Covid_20200708_0859_MN23004_FAO01199_20723bff_barcode10", "target": "Covid_20200708_0859_MN23004_FAO01199_20723bff_barcode17"}, {"weight": 0.3333333333333333, "dist": 2, "source": "Covid_20200708_0859_MN23004_FAO01199_20723bff_barcode12", "target": "Covid_20200708_0859_MN23004_FAO01199_20723bff_barcode18"}, {"weight": 0.3333333333333333, "dist": 2, "source": "Covid_20200708_0859_MN23004_FAO01199_20723bff_barcode12", "target": "Covid_20200708_0859_MN23004_FAO01199_20723bff_barcode20"}]}